Gene,CD14_positive_monocyte,CD16_positive_monocyte,CD4_positive_alpha_beta_T_cell,CD56bright_natural_killer_cell,CD56dim_natural_killer_cell,CD8_positive_alpha_beta_T_cell,MAST_cell,basophil,eosinophil,gamma_delta_T_cell,hematopoietic_progenitor,macrophage_m0,macrophage_m1,macrophage_m2,memory_B_cell,myeloid_dendritic_cell,naive_B_cell,neutrophil,plasma_cell,plasmacytoid_dendritic_cell
ABCA5,18.35739316,10.10510825,43.08169689,63.34601174,73.07646838,48.07726769,29.59769478,25.89600813,79.50603251,39.50528962,26.24504449,25.20067931,24.63089669,24.96150249,32.71537791,25.80346609,27.65254384,26.22902496,38.17628543,39.97198466
ABCB1,13.46795258,10.76767912,34.89057521,145.813992,119.9083196,57.4775539,17.73919118,20.12920591,9.894062673,64.56254989,48.18348373,25.32911022,15.4641323,13.56698818,22.47143424,16.53728547,72.40094318,23.32784129,14.96364506,24.63094656
ABHD5,62.87856759,62.18461702,42.79990627,39.96361029,72.5112559,32.9409149,36.50364596,305.9038895,45.14522841,37.270202,29.43526135,42.27956334,108.2592294,85.51079003,31.07959107,48.10861369,24.3727958,160.3476733,20.91145325,43.05606653
ACSM3,16.67459145,20.60276156,28.55981184,22.37620719,15.92140434,26.57111106,141.2194725,29.87160081,32.40856344,16.13130007,64.50549273,19.4008541,17.93519339,17.67975881,21.2418919,16.49207962,22.07819592,26.25922365,23.35575398,25.03972973
ADAM19,59.01350143,25.44391341,75.92887949,27.9261372,24.42580812,40.25628181,17.35817639,101.6320192,238.4446642,54.9048683,25.08670694,27.3222873,36.51258648,33.11254006,101.2328466,71.16534465,144.9819635,83.5209787,78.25572265,50.67043957
ADAMTS5,21.41203046,7.78094087,13.76146115,15.14422042,16.79854615,11.28362184,14.13214513,9.32392941,25.86657622,10.71696782,8.144641471,10.37868312,10.08104073,9.472767629,13.96944867,12.47631168,15.66398178,16.4108195,14.91773813,17.53468599
ADI1,175.2336386,280.8209024,101.8592764,66.98540878,91.49760617,65.15642518,228.9448609,70.23462831,429.7643981,154.0195244,506.4890763,277.9636174,48.6164936,79.64399844,167.6288389,95.08737092,112.1409261,121.6727995,283.591945,96.22119979
AGPAT5,60.87478447,34.47735961,59.89600371,42.97780169,37.83463227,61.08871209,138.7742909,62.64211864,29.54638318,103.1050946,225.8209591,118.0549601,50.09999641,42.497776,69.73067492,33.00680932,89.40214232,26.83427525,42.1446658,37.62545468
ALAS1,72.48116293,49.81667919,50.16653962,49.93391614,71.54162959,54.23151819,91.27615234,54.99599939,116.3976747,227.1153441,109.9144219,135.2532938,87.28358498,64.27306893,64.55514086,69.64803883,51.99389586,74.65606303,63.55001977,36.41484136
ALPL,20.88843275,16.18382052,20.80671187,19.6829952,17.36986688,19.43641224,12.22489089,13.35220537,10.61014851,16.52138343,11.66865251,22.73113938,16.65011393,16.25946631,23.76649011,16.42264683,31.64772986,176.0861151,20.90353578,32.38827584
ANK3,20.03764164,20.57222053,43.88988792,23.28151784,20.94517799,33.51073807,21.7143107,32.72533487,17.4845948,43.28046968,21.14351397,19.37374939,17.38314033,16.62370163,36.29423632,28.88122094,16.51013453,26.18605714,18.28253091,71.2294607
ANXA3,16.37089503,10.75834841,13.85315913,20.11809261,11.56022621,12.25311574,20.35884879,44.42098038,16.05938555,10.93511921,43.31532695,23.25972175,11.54270189,8.375525947,14.0431161,24.77957284,11.00668704,221.1816545,14.94848295,21.9470387
AOC2,18.72844432,24.89458903,21.76573172,22.60797111,22.78536769,16.96851796,23.61408741,24.21830845,22.55325487,21.00701081,10.88793556,21.09856905,20.52143482,18.40085168,18.54789364,18.2120567,24.4228892,64.04785504,23.51625091,23.39956011
APOBEC3A,201.2817119,214.1637925,37.09789964,35.09732435,48.43997346,22.59562829,16.08041967,112.7110827,121.9536509,25.00409233,30.12657566,65.70848719,263.1316113,37.61270769,13.56435949,30.41562962,15.73916248,462.7379985,16.35987172,19.93190597
APOBEC3G,73.85765913,128.7099391,77.58580926,123.7862552,162.7945508,148.213874,49.66234717,60.10888615,31.54247368,115.9710513,90.61017686,49.19774249,114.3120673,47.07850749,112.6783964,97.19119231,143.0002148,72.05457644,60.37382298,108.0505862
APOE,15.88414505,13.18975898,21.42623913,19.79474332,32.42902601,18.7958049,28.71268263,11.31623289,20.79974481,13.59420929,46.36463373,538.8582994,770.9806357,468.9857841,21.08660236,30.97087462,20.22094045,19.72990024,21.62795671,41.55509131
ARID4A,57.56405682,74.41107817,73.93563844,70.01164907,357.439316,91.26360696,43.11721097,94.85529853,202.3558236,74.53505164,87.16126144,38.90007583,62.11480645,77.44760865,70.07768572,88.47700703,88.78179444,131.7498766,33.69142284,32.55444706
ARNT2,13.19481679,12.86790715,13.88456719,14.6277663,12.63489844,12.27067936,18.56252432,14.98143848,8.278741684,7.741324362,15.99335892,21.75714977,16.37419888,9.575316709,10.10222634,19.93476041,9.173492373,15.61898998,19.14479479,146.934312
ASGR1,140.6002952,272.6300423,36.8322243,17.03981954,25.38788984,25.50630738,25.41433393,21.62674893,12.488611,8.158053736,28.06320383,53.40187101,81.90227162,96.54720173,13.57953452,58.38033963,15.04568781,26.22434895,14.23758942,21.38772575
ASGR2,142.2593104,51.10434118,31.08651798,19.56040718,25.79322893,21.3362284,25.97519797,16.72404033,12.89357751,12.38968859,31.62956787,16.99952709,30.6919869,66.22253818,14.18564083,60.04554326,15.22924711,26.82691992,18.65142354,13.9061464
ASRGL1,74.41184801,68.92805486,25.0296369,24.38269203,30.26759319,25.8688013,68.67495229,98.71850972,114.8737546,28.70637624,105.5980797,145.3143632,31.97068679,45.72237243,29.11637674,27.16482672,26.04405497,55.15984363,67.12242351,25.84074257
ATP2A1,14.15964269,11.77383169,17.03671199,19.76963557,12.2784131,17.74000641,19.51486665,12.23729981,11.38194017,15.60252047,10.26771977,17.18824817,14.15315218,13.16660461,20.0586516,15.50114982,17.039793,18.43615527,21.67697528,65.42703291
ATP2B1,88.35646159,109.4531558,68.62920333,52.51203328,302.7934343,76.49565348,50.90737014,63.11491981,97.14080659,81.75139744,81.95903185,25.32615385,40.32151962,63.08404678,123.2892594,101.9942212,71.14059348,194.1341892,29.31912777,23.98188567
BEX1,22.88234569,20.72225635,30.14888907,25.42560403,17.05441254,28.77196737,79.55138929,45.84157141,31.55427749,25.77631628,426.8837476,24.37833443,18.21061222,16.86005784,20.03982448,22.41229633,24.407666,57.47984179,31.49768002,18.35054589
BMX,16.51154051,16.44280958,13.5906409,16.44274957,10.7060699,12.19180263,14.96983944,31.58906682,17.97171612,9.550780287,15.94624809,21.59574956,14.97872715,13.81116863,12.96852836,16.64038921,17.93838896,76.41661524,19.75556539,28.43047716
C1QA,37.02531702,191.8128134,20.01536479,16.79735675,20.81582785,15.08335384,28.94467098,26.41830258,13.94383252,13.09544854,66.13687178,217.7480755,183.4545267,174.3966666,14.76883311,49.53825566,15.2137183,18.49192202,39.76216347,42.50932848
C1QB,32.67137278,132.2318013,22.53482389,18.78393912,19.97944495,14.09155468,23.70059645,9.389306711,20.56156613,18.31390553,68.51461143,205.1247813,760.9798947,415.5917569,14.14248512,50.60506888,16.17390602,22.05311091,34.81549057,22.47742164
CA4,20.27253025,24.56942294,21.25708898,20.40647402,23.15458511,21.46462211,12.65611421,33.0261369,30.35354792,16.82187414,14.84432826,35.90771464,23.7859348,24.44003766,19.01970869,21.98809017,15.64649604,155.6536834,15.13338662,33.57916104
CACNA2D3,93.22181405,40.96403246,22.5188412,19.84110691,20.09195691,13.16436291,11.71001508,8.649551151,15.24570132,15.91675651,20.80470299,27.82381992,14.99606335,16.45716959,10.8360074,46.40750813,11.42371438,15.53281947,8.620160171,20.49534201
CALB2,21.30928887,18.12887543,18.59129268,26.81090887,18.00552859,19.87490217,501.9890558,20.07381208,10.47431783,26.83272261,16.1464061,15.27130719,19.91848505,17.7729197,15.96472373,28.15091267,15.72169716,35.26255749,30.55816386,22.52732774
CALML4,69.76988417,98.79595346,41.21755074,32.30542805,31.63508288,27.80484312,20.56217589,42.86115454,13.28200346,25.32031258,27.94308598,34.41947919,52.95317224,61.12603224,25.99601202,41.91611761,20.00346751,35.78537502,41.0223297,25.34566941
CAMK4,13.61871375,14.23668613,96.27289609,22.49724397,20.32190321,102.3916375,12.40498279,12.89652259,14.63295863,57.99161959,8.447203235,20.05554396,10.56839706,9.461181918,22.83113204,14.92806774,20.42454687,27.89583702,18.2344761,11.72607436
CASP1,447.3547393,368.5228716,95.6656882,130.713996,197.4982858,137.9322676,38.81214512,153.0446643,155.7097021,180.3195319,115.8189521,31.96773757,227.5596945,128.4629018,120.6133413,197.8247827,105.0689198,261.4303162,76.88369234,14.66644723
CCR2,164.8844845,30.26527069,37.09747742,26.65849444,14.50738251,33.32338084,18.72485457,55.95017743,39.94294209,62.54041889,23.78619377,20.93589269,19.01126528,26.25299852,51.9703203,33.23382871,19.00474159,37.59234752,151.1572494,26.65772559
CCR3,19.68759621,14.3091728,20.64599527,19.72972584,12.74336115,18.54862461,18.58927077,208.7621736,764.795397,19.60767921,13.91652403,30.16886138,13.94413427,15.4108147,13.78972973,14.484536,14.09821024,191.3051261,16.01964826,25.82138171
CD14,1218.860842,463.3632383,79.32804724,52.59279623,25.5034078,23.98487955,34.1052756,34.16454843,12.67429257,8.768489236,64.76311513,358.8404586,1312.160328,544.1119381,12.33865012,125.5859986,13.03470303,507.3370401,23.81734124,23.95559717
CD160,17.36454503,18.28204557,26.362509,228.6333483,339.5480771,107.5091997,11.76558969,15.02812713,23.26493845,81.40938901,12.28939823,15.06127835,15.19920218,17.19124228,28.09286941,13.87699414,40.33863307,31.86099671,21.77602208,20.59503373
CD163,163.3935432,51.96713433,29.82903342,29.06719361,12.73782387,15.59216713,21.58545119,17.06059844,17.70782944,9.699400276,52.12490335,288.057151,323.4254145,326.2520053,14.88014821,62.39034323,16.19808895,32.61023753,21.01716777,18.97862073
CD19,26.01399832,20.27836633,29.56456171,21.85607593,22.86220116,22.80905766,37.47613836,13.25036125,19.92628772,13.82339962,32.28072885,48.44663646,30.03209343,30.37192664,351.2050872,17.86349351,609.4336482,32.72808579,46.45980047,17.45686494
CD1D,259.0274396,195.6537283,44.96635509,23.17765811,58.45514244,17.70077809,9.205693321,16.1154226,15.49035462,8.328022987,19.29834379,20.11579001,34.05154108,24.18475585,65.39589767,43.39328581,79.01917333,45.76226958,66.44712371,18.19694123
CD1E,24.63318601,25.27364261,19.32584328,17.78898014,16.89412918,14.55959089,24.64518164,24.47368941,13.07404473,12.00155287,14.45896959,20.77670613,22.47912363,79.39968852,12.26737803,92.71717121,15.33559914,20.6376571,12.60120001,32.36751777
CD207,17.82457166,20.78108778,17.79181553,14.29151449,12.53385202,15.82866592,18.32901676,17.30935805,9.852256876,14.96813293,12.20653211,24.59223817,11.73585459,15.36927499,16.02965862,68.26354301,15.53333696,29.96014983,20.17241697,22.42246003
CD209,26.15703426,24.71510312,21.51146378,25.06647389,20.19972167,19.51579738,26.99457317,11.9136607,19.62469863,17.99729632,17.36243017,139.454032,180.5670872,642.8425965,20.14325391,29.15665618,21.56254956,32.4160258,29.72742091,23.46686724
CD38,39.06925426,52.95135664,51.92997274,125.8897764,115.3197478,48.60534078,32.66918791,26.89102744,29.30041384,84.63123304,137.1233461,31.75590727,341.6290369,31.6031121,39.38034122,57.6072479,46.49312722,34.58489164,950.4930806,83.33182394
CD3D,33.2706942,23.30028159,494.4703693,61.59373792,56.33207797,989.4824596,13.40353639,15.83425914,27.1799675,1734.682633,26.45108604,9.849164833,19.44983925,16.65201198,18.91975563,22.40701778,18.3239829,53.17227136,31.49048723,36.93277181
CD3E,28.95306049,23.42789918,297.2120614,91.52059952,54.45066747,313.2516163,24.77985576,16.18721533,20.51554361,306.6140844,23.15110207,31.3083007,18.66376455,19.60410129,25.78064449,14.7189035,29.73323694,36.66548085,63.80930812,28.3558804
CD3G,20.03645029,17.36354073,292.0293503,47.09517542,52.72731285,510.882732,12.99498231,17.15376208,12.5597736,243.0701365,15.10575039,20.44379699,12.80079854,14.36849591,17.21058276,17.70971824,15.60712541,28.2170751,20.51743613,21.85780584
CD4,74.71613013,90.38242317,120.5657427,31.76919646,22.49857057,21.57350834,15.19939798,13.17788496,23.73918168,11.81339338,27.55502571,116.5693974,105.571924,152.7335159,15.62770324,36.8461118,19.19212466,30.59162918,18.98094741,35.20538514
CD40LG,21.31615184,23.73495307,111.2902917,32.18352396,9.46062923,27.33646483,22.83542235,11.09048525,14.26315148,47.08255527,30.54475315,16.3409779,13.37923277,13.92116058,14.01201873,14.19127964,15.79460802,22.2364027,22.23402357,45.88570131
CD79A,39.9746254,31.66153451,50.41894019,34.14135835,27.90374397,44.28348315,21.87083413,26.13806786,32.76710658,27.12536662,51.30205768,53.36758899,34.08679167,35.99041409,517.5152401,24.78062975,895.1168898,47.60436665,215.0423202,22.49512167
CD8A,31.29880096,17.30559764,36.46734199,229.3036515,120.3848475,1501.615502,30.60007243,18.26807565,24.91160991,75.74090796,24.00471412,23.92695816,18.0866491,18.98187466,21.07709964,28.04738504,23.00111779,67.59528421,30.56651269,21.24079235
CDC14B,24.9812427,15.03961235,38.47274641,39.46006237,26.28558395,32.80218,16.74022956,65.05475979,39.18723739,24.37040548,24.38993188,52.02326435,19.04031906,14.90420733,26.7089239,23.94902379,19.24430534,30.77478769,24.27532811,20.87910187
CDC42EP4,56.95588145,176.2484542,32.89870236,28.92054658,36.20271685,24.34291636,30.34282729,192.8707767,28.96534792,18.40212608,37.72680406,68.17939521,118.3100484,86.28357688,18.14435258,81.36766493,14.63394532,50.40495851,27.56864332,73.26641382
CDK2AP2,79.17889087,127.5647821,90.96733487,96.71705783,91.06704481,92.57625685,55.12886253,102.0826218,68.19894932,138.9557643,60.63995931,86.20174325,50.33727674,53.60228034,82.84374054,116.8573925,79.96578551,66.75074747,200.2386126,111.192351
CDKN1C,50.69993146,252.4298789,35.6694605,23.88454356,69.59857696,23.3895029,25.02656543,42.44485239,17.01544301,11.83437278,38.37157569,18.65952032,23.53831954,22.06692573,15.01240285,24.41862314,11.94415318,41.90888579,17.89645034,12.22791651
CDR2L,18.49745856,18.08663106,17.23269699,21.75356981,14.49003115,22.69165604,19.74885217,15.37376804,9.911058884,11.53944757,17.62017993,25.43652796,23.84420299,76.28792304,18.10701081,29.94768911,21.10128528,17.17150059,13.34049,27.8437879
CEACAM1,24.41622262,40.61338305,38.127995,29.72704583,19.31639632,28.09671178,46.65428278,211.6806767,74.6071348,35.26087552,22.95418007,43.50777536,32.49844753,24.81755137,30.44887156,16.55489017,28.86537659,123.6176652,40.70975278,39.09863787
CEACAM3,34.83319693,71.06498395,22.7043003,20.30278747,41.09400293,23.49801954,23.915222,23.09764107,18.83918595,27.07635838,21.91650669,23.95285678,23.54745231,22.99462162,25.42246179,21.48550787,31.90201057,152.1991869,41.57570378,25.40418322
CECR1,539.8794125,430.3266894,158.8272698,137.215,250.3153376,164.6530975,24.66682588,61.15747237,124.9344685,201.1132789,197.3157742,138.0167247,145.0883627,179.2025962,198.744684,177.4315467,249.7297664,58.311901,847.9428125,143.8594742
CES1,144.5041654,41.95228535,30.76289538,22.78794715,62.2735643,24.99168555,25.38659777,14.6385542,29.56379345,17.76260252,19.80146177,55.07078015,83.84816039,43.64794712,14.95624726,58.46034948,13.45248693,28.68559374,16.19596456,34.81281924
CETN1,21.40934038,24.73025365,19.10136596,23.7117837,8.912375355,18.70080591,24.74806031,17.85863713,17.08339269,21.39635027,16.20629452,24.63709035,13.7459945,15.42949224,19.44651507,16.62494245,24.89569218,32.83439425,43.21652336,30.67711824
CFB,28.72609254,28.78063147,17.22933389,17.6712456,17.66632268,15.26889001,12.27898032,18.73626432,14.33444023,10.98485615,20.02018292,40.03805154,468.5396626,64.50948728,15.87675184,38.26573644,12.14243627,18.74896887,20.85730385,20.26149238
CHMP7,84.93018581,83.50421345,148.4095575,54.14817252,62.95640663,123.6590612,52.55792824,60.78987012,73.18738336,117.5180617,161.3755582,99.14819489,45.41445344,42.67464861,197.1089897,60.26114171,268.4936,69.62981071,60.83518006,44.60127722
CHST7,86.82260992,294.5621389,60.49078753,33.75001634,81.58206851,43.81996773,20.60427789,36.13637728,12.72287025,49.28401761,22.18176251,146.8261925,129.464542,145.2959085,16.8804582,178.9400546,12.19319564,186.5481955,21.13654385,101.5312836
CIB2,22.83826695,23.86572785,24.67196308,20.82153048,11.2093524,26.02053088,23.3615131,23.14292831,16.98887022,19.89399875,30.06707096,21.16572619,24.88134138,20.90547855,24.70297591,22.75003866,21.04859498,22.58851136,31.6207411,135.8541957
CIITA,36.15966501,63.79768028,25.25529385,23.32537161,26.26989788,24.74555189,24.44238728,23.47451995,29.73697309,25.47267962,38.86664813,67.7929088,44.17622962,57.18807711,95.65902383,150.0023013,121.5502314,27.63470579,18.8695745,67.84434765
CLCC1,35.93464686,35.05909253,40.78188827,40.60364863,57.92716006,32.72753979,39.16965424,37.86681482,36.72427659,40.44699207,51.96674542,54.60146217,35.05556644,32.93259528,42.24776799,51.85906984,27.7891818,26.13903385,41.92714437,39.6874415
CLCF1,48.05511666,121.3992867,36.93265732,43.74098558,68.07687803,43.31568268,41.34651139,40.80183278,58.82541931,42.49513606,42.74906155,44.68294419,74.89666357,46.96835322,42.80986937,59.57208427,61.40173626,57.6686755,47.74127946,24.71447819
CLEC4E,98.55401972,49.1399919,21.11894247,24.73981091,11.13723716,17.27420315,18.36843106,27.89738771,38.2336454,19.45211441,19.51622166,56.04077492,58.53767926,20.16767877,18.58558176,31.45658318,20.70414541,280.0084598,23.36701643,23.49167408
CLEC5A,97.52192056,23.25975407,19.92657933,15.16108743,10.22467155,12.7425743,17.19997046,18.90166315,13.63964951,9.618154699,13.29645268,191.7649953,109.7549634,39.81637636,11.86480331,61.63366927,12.98292748,56.22675932,16.69046518,27.51389984
CLIC2,32.75340669,43.32486621,16.40414786,17.92876361,14.53433078,10.72987451,10.77888783,22.16149626,10.93696992,18.05563143,62.82223422,63.65224108,73.08324087,124.1197215,8.611576173,202.9639468,7.468387247,26.3459459,49.95556574,43.39825315
CNNM1,18.80153057,17.61030231,21.8796479,24.53321458,20.51884528,22.13548439,15.23410526,22.22185892,29.19904827,19.54136123,15.5882903,17.45349877,28.06154035,29.60525796,17.66561499,16.4153466,19.61789398,30.39384259,22.62154018,107.8466078
CNOT1,140.850067,83.83487872,139.1820965,81.27237088,228.6621511,127.6277602,138.5490071,122.7605196,131.0104129,176.3468061,109.8844621,108.7384462,82.16023697,94.4983749,230.8352719,100.3639707,260.3170197,102.9307928,220.0375206,69.85150713
COL4A3,12.43995681,11.25667227,16.13812635,17.49470048,19.12420137,13.97814569,10.75907029,12.17325277,10.703552,11.46982,10.04244276,18.22680619,11.53797592,11.40818467,38.98891791,13.28415212,19.29580211,17.28859084,16.39646867,24.65654278
CP,13.2037511,11.04519585,13.83729271,21.34070423,14.08199321,11.36970415,8.559270729,10.40288878,21.49822141,13.48512297,14.24224733,18.50482878,26.83125596,13.18819811,20.70941969,13.82999153,17.00364152,18.1156877,21.6810662,90.84015518
CRISPLD2,180.2384048,53.03085184,32.29319963,27.32188501,20.60014779,17.61098593,28.45249636,194.8859945,33.97747143,14.78369332,23.01232851,49.73270252,78.67567215,22.91682658,23.76177648,22.42758,19.19545005,138.2098871,31.77311998,13.10359112
CRLF2,27.25744833,19.67819383,18.07931937,19.15539169,11.40339121,17.86107986,29.52186077,57.24140524,24.16501589,14.41155335,20.34664348,37.14468009,17.54946448,15.36194711,13.66886662,97.08627674,16.03267477,28.60984736,28.33098385,30.25127984
CSTA,574.7465298,401.8013435,29.48469399,36.78289124,61.11498416,24.49647625,33.40806536,18.12443923,85.18983137,16.85978564,205.5933267,34.65174437,97.22243564,85.57357745,15.35953638,165.527305,17.25957913,293.7510535,28.27784177,15.44241179
CTLA4,19.21570613,20.25422079,129.8358033,21.20998798,16.76107336,41.05685999,15.86004001,13.4669453,13.34413399,39.69536246,15.84490473,24.18886816,18.00448652,18.64148468,18.33073654,28.73758411,16.39125434,21.08915552,20.35028338,16.47779834
CXCL10,87.92190309,115.4718369,31.66823352,48.75446359,10.56003288,23.55096242,27.60986934,28.1710396,21.53729962,35.86630216,38.63370689,28.3336035,950.9855097,24.65365702,19.41381296,88.43800026,20.90699047,43.35840761,32.70520659,94.74952566
CXCL9,34.93987019,34.98413505,20.31221477,38.27197326,13.81583269,20.77819418,12.59043656,8.462426785,20.02067566,23.76748073,27.40452126,19.7885047,557.8248547,26.51711073,19.58578528,30.8488391,22.07527932,31.45440524,30.69770678,41.37518932
CYCS,85.02489829,69.67067255,102.7156898,66.27103308,316.5942886,187.0283832,504.8027012,65.09215307,66.85659104,243.6024198,170.5079624,47.78333346,56.3536432,70.4242461,171.6617042,90.50366424,174.8771412,36.09045788,740.9516789,59.64019445
CYP2B6,14.46540426,14.2729004,16.02207936,23.69739118,15.96733242,16.21721204,14.00763817,13.7173937,31.57583036,17.42936424,10.78627672,13.67097021,12.78153124,12.63117756,21.69562159,17.31553768,24.00242662,23.30608286,15.44726799,83.52907977
CYP4F3,22.85906473,16.16546252,17.06078128,16.25843104,14.21587399,12.55577068,16.83485844,22.11671679,30.58264117,21.77831738,10.25216169,30.99010079,14.91273089,10.66355827,12.26800991,15.5561129,13.21151514,436.9726259,16.12174936,34.57000192
CYSLTR1,43.04723975,110.0226911,61.87980983,52.01735227,43.07090676,17.88480491,8.086258361,59.15533707,106.1084009,19.3087469,44.60499195,32.62985585,47.66464156,52.26963133,70.70398363,43.02546975,62.69630639,114.4745112,13.56489665,51.97946926
DEFB1,29.62628318,18.63120606,16.82859449,22.35750157,7.824830729,18.92851977,18.42318386,14.97169512,15.7601367,14.84584607,17.82409811,18.80846081,51.55347185,16.54387976,14.86633036,21.33067414,15.85576983,26.42043284,18.33102914,25.3965503
DENND3,92.17932251,205.5595299,45.52199184,84.54777717,98.67207644,42.42020975,19.77261941,233.7916629,138.4685809,70.36141442,58.29519793,77.26288625,75.59647944,51.23959713,82.49760389,87.46675062,122.082299,229.2851953,102.7264091,17.92573613
DPYD,164.6202964,100.8119196,77.80568603,68.72078771,111.4858179,51.21699397,24.72869033,99.29296522,30.03755088,61.26237951,36.66493924,58.04122753,136.5678674,160.4216423,27.52972346,57.57713111,41.31204965,80.14509206,23.13934239,12.47480963
DUSP4,20.88317657,12.00250321,58.78188282,37.93551429,31.82523212,47.96458798,190.3178905,11.36614323,18.07696698,214.3213446,16.6960445,30.52888123,15.61916099,15.87901832,47.24746394,46.15636906,21.6728451,17.33877089,33.72088564,24.69656923
DYSF,201.0213036,108.3294468,31.61575906,63.86636351,28.23630348,33.27004148,33.23647532,29.93271063,26.06811766,32.74992048,54.15169341,52.35549776,81.31877464,62.84726507,16.85155624,35.45991738,17.91609591,379.7752739,34.1002508,28.83745316
EDN1,25.92446307,30.13190819,21.87177636,22.58979725,18.99435572,19.55849287,24.81718377,24.75340526,21.72792187,18.7998147,22.74285421,29.67045444,222.1283692,41.45148751,19.19874936,23.24530993,19.66071264,66.10140152,25.41969914,48.46994565
EIF1,521.0260328,1362.369181,864.0347869,282.2918075,1474.136332,1022.237841,230.7808023,2161.609855,444.2971339,461.2223147,622.9503429,634.9566056,1127.387628,1147.809467,665.3015201,1023.566342,751.3306066,352.8301683,771.0876206,93.68618909
ELSPBP1,25.96809393,24.75298608,21.97998967,19.96967456,14.74662916,18.0344645,68.74945677,8.246014012,23.02303665,25.38523484,17.57544662,43.18631698,12.41779463,9.097566227,18.85363609,13.60945106,22.36499527,29.21103078,35.29690897,40.7530605
EMILIN2,139.4097467,355.1855263,61.41250531,40.94943893,51.98170656,42.84410397,20.50288034,743.4735372,31.52915831,20.55500289,62.29865965,345.678358,559.1490071,596.8402081,29.10908855,372.0923726,27.88557602,69.96143497,23.24779167,137.1623763
ESPL1,36.54500488,29.3030134,34.83076708,32.24532856,18.48080069,34.33550232,75.42980782,32.1529185,23.02855139,138.2859028,98.46676517,52.5333124,51.74919422,49.85510521,40.29560461,34.0612479,35.62166878,43.94898038,44.36953011,81.54009358
EVL,109.1319104,576.5245978,483.6684471,344.946216,316.9537431,475.7815281,88.98931794,430.9663476,171.0769218,329.1512959,123.6708571,200.4627408,325.2328198,792.5258007,172.8872923,272.5203614,312.3915454,75.34402874,42.64641598,77.81754598
FARS2,43.70708366,90.79365826,68.91493692,63.29049773,37.88692111,57.63681053,34.55761635,52.95285566,18.4435344,40.05537107,83.51249401,59.88576789,71.50239157,62.27751656,56.51347306,68.46762694,65.40103015,30.86963569,43.63490382,56.081439
FBLN1,18.29219151,19.69125387,17.46339588,15.49298208,17.40448684,16.26708074,19.27910941,14.2276348,14.33473176,15.63138764,18.24015219,19.55847437,14.40314601,14.12376741,18.86073726,21.89558428,16.97673405,22.54323102,25.84743412,66.32335027
FCHO1,43.85176214,97.18208886,69.78904316,46.43579349,33.06349914,54.16017361,38.84121537,46.16175581,27.03205771,42.95681431,42.89142716,42.16806879,52.11438959,67.19476826,54.85744008,36.25470697,70.91452629,78.98770212,23.61065579,47.50603691
FCN1,2067.532582,3371.826194,111.8669392,64.36928333,99.44854721,37.55306367,24.12047745,66.06127053,28.86421397,18.16413373,92.53500986,195.2432419,507.278422,357.4507729,19.61009413,197.3510584,21.78727505,317.4604056,39.83675226,16.97767523
FGFR3,13.18081331,10.83440778,16.16241894,16.41693263,26.76219887,16.27252849,18.86260123,19.99681858,37.28180548,12.85321926,16.29416177,19.38339042,21.19644959,20.90160772,12.57019149,22.98414749,12.28823998,19.31676985,16.81097606,87.79738137
FGR,877.0522505,1154.684171,67.6244936,240.971666,321.3166028,85.70727674,48.7953119,111.7005567,429.9028528,66.52692525,80.55469549,120.3041189,230.896904,224.0911633,104.5049507,236.8594708,104.6493239,561.1761835,23.66559057,36.25112019
FKBP11,54.57046782,68.40175112,152.2115486,250.1514897,306.6674633,232.5187051,40.36201594,100.7646201,26.10376212,379.3984915,146.0511916,34.74175405,56.98469184,49.77843561,103.4019889,81.83109728,55.70072112,68.06764854,1555.160221,59.76703576
FLT4,17.96046036,16.11212481,24.19187576,21.64839919,25.11053109,26.11136311,13.35651259,10.97237325,16.27303445,19.91741711,16.50534911,22.93427872,9.057130982,10.3526789,20.7650773,16.08805155,23.7866577,21.26062717,12.44973874,27.49431674
FMO5,43.16146523,35.32797298,20.20486516,31.19976916,17.61099771,15.00466246,32.11041048,42.95351795,22.9827661,12.84156205,20.33591491,20.98037163,25.90327413,24.7397704,18.66550961,17.76570556,24.49876971,24.99455984,12.04866534,21.9146927
FST,21.66556983,12.1672384,21.24630049,19.684031,19.55187329,20.41739639,81.76073417,14.78126134,27.45238712,18.09701774,19.82298491,18.62908914,38.96074309,35.17487388,18.02608319,19.55861647,17.26727567,21.74624803,26.53465593,53.59626043
FSTL1,18.2018517,8.011584719,15.99744838,12.83558449,14.06714961,15.89624331,25.6824391,10.49986323,21.78713507,17.81051126,49.66107222,15.43853819,16.63998017,14.02532426,14.83866762,23.48360313,16.36246373,26.10108905,27.32966771,22.50240809
FUT3,21.89810539,19.46871216,18.16149056,20.19698596,17.90915665,16.99234409,14.64197776,10.93535554,17.6909006,17.43977176,16.46779943,33.81751289,14.1302507,15.87808945,19.72088912,16.48727864,22.89313818,27.68177182,32.11393609,182.6266273
FXYD6,84.76128076,41.87129767,23.40226979,20.82129081,32.33369218,17.40094514,15.29691517,9.807900285,12.50577674,11.87867732,55.50297074,66.60269961,71.3401612,36.16495678,15.08157973,27.04174478,18.4050691,23.12622813,23.24115952,58.10438411
GAS7,130.0359376,88.15071548,27.36101796,52.72034561,71.71099616,28.70453111,50.48294639,22.69617919,35.87550686,34.54821601,33.64971022,69.78308459,43.74388678,56.94902363,32.31294408,57.60122973,37.72261067,102.0873387,28.91207792,38.05181072
GATA2,37.10310758,23.38055189,24.50215867,23.47721837,22.83855309,26.62998346,84.09812303,900.9113667,48.70647303,29.92358228,120.5465771,41.4577378,13.72496308,11.86305888,26.17997548,17.32180407,27.05054805,43.48252884,42.29831729,26.74733625
GBP1,150.0213163,138.4376249,131.7108153,130.0954553,137.6884806,168.8761223,54.1959014,35.00596373,38.54927198,136.6324773,52.60372662,29.27412413,896.7194524,71.27323927,57.56930271,138.500843,52.1610363,201.5976669,23.08120814,13.07872844
GCH1,270.792589,293.7851532,132.1649523,216.0294652,718.8957886,195.8943772,72.64687473,70.49469259,70.92837503,815.9165706,223.5638155,19.63170273,137.2616674,19.51713991,217.0440148,73.21534443,200.019374,144.9619989,39.5716368,39.53250167
GFOD1,66.13875942,159.4712815,44.01506919,185.5033473,80.93701663,59.66219329,103.9906778,57.26709095,160.1167478,76.98788511,98.61802732,116.7024042,85.044203,121.4001914,83.58693843,66.51044205,67.27533267,105.5626919,92.31199016,39.94588521
GIMAP4,522.1604631,534.0291957,355.5067025,444.5650695,337.5113387,328.9828401,11.1236027,23.48774614,22.41240862,132.8874967,58.66677262,374.9614741,396.8194597,166.1545565,14.82705266,67.43030742,14.04155675,263.6919476,11.93828008,16.55683914
GJB1,30.0152769,27.62814837,20.90393074,19.69937063,19.87641852,26.28677095,22.87567049,16.63666812,23.85658245,22.48665159,33.24344634,29.38044041,22.39959526,24.0524593,24.60596487,21.8303041,20.99714866,39.85907775,31.79108759,213.2071426
GLRA1,15.16609712,20.19643587,17.16400595,19.5840056,12.14023384,14.18285704,19.35657656,14.80416562,22.03182568,15.13239121,10.84014056,24.13209053,10.24901433,10.44366812,13.9332404,14.73448887,13.55853382,23.28058537,14.61173407,19.19733821
GLRX2,84.45275679,85.06793784,53.76708579,66.58057884,48.78727149,57.42815006,118.4425257,52.9735146,58.16012826,204.529937,121.6766091,55.29122878,74.51665154,72.30401571,64.63901106,80.1373802,35.10739771,76.60064347,94.38784154,39.42902387
GP5,14.10316163,14.3139444,24.1141718,19.51204587,22.10956286,20.28837667,18.09857816,18.33554734,24.01109182,10.71903506,14.32366402,23.20678774,14.6789088,13.0174903,10.9494715,16.38608973,11.56543218,20.0671064,9.299820087,154.033507
GPNMB,27.04072872,20.35665131,16.54549252,19.05134317,12.59921604,14.50196706,54.2763989,15.54115315,35.34866646,16.36512365,23.56501648,1880.183133,1031.714985,1121.365578,17.93416598,69.30778629,15.61488612,19.39375478,40.07130186,60.66134901
HAGH,88.13032112,231.8086056,115.8230252,80.10562425,92.52369219,93.68965564,59.52255308,139.2149034,62.02511751,100.2902762,133.6387953,175.6624632,157.7161567,156.4871969,77.05956706,143.6262513,53.84207699,57.84331385,90.41243249,148.1996187
HAVCR1,12.057971,11.59423306,21.63682548,40.11192434,41.25695029,16.29918086,13.99508624,12.84218624,15.2360653,20.52786131,7.030115726,22.16255904,7.744263707,7.164531691,12.35895996,14.28359136,15.58492959,19.42734322,12.65053594,56.64210268
HBD,19.50953469,34.50161509,23.73438088,24.57824207,19.72110788,22.11340185,65.82082155,56.19545828,22.10723514,15.24598003,840.5401008,21.76130109,12.99070413,12.81989418,16.54163062,18.26563817,17.80699269,44.8631265,73.91526139,20.88134501
HCK,727.5687237,999.7880336,53.65923183,60.50318527,47.05417864,20.38960763,39.71822225,43.6851485,322.2058022,18.30071807,87.91040059,128.2342694,534.4131937,408.4087652,76.40662764,366.7097552,35.75472225,514.0049379,24.33144938,36.07990541
HDC,31.8817682,19.16264284,24.79671255,27.12769465,16.12387721,24.49503799,484.8934266,3422.912253,48.19807013,24.75113141,106.5756387,78.10687166,10.86885855,12.85377181,17.63783467,18.6791119,23.60161805,46.03912706,33.845556,30.52239461
HGD,21.76468477,23.85427909,19.74540739,19.71925767,13.11847117,19.54822941,27.61532425,35.2197196,19.13888176,13.73602846,16.64571126,26.3326302,18.36490979,19.06908036,15.27678381,25.17697686,13.37414261,27.52683248,11.4789804,203.4507062
HIST1H2BC,18.98534053,47.41982879,25.31454849,20.75525926,44.68292025,19.7877356,18.69246618,40.6032966,37.4068721,17.32357629,18.27888927,24.82178257,27.25987036,13.47976386,33.89727417,25.40061578,91.29108698,180.1359818,53.03586708,27.72294668
HOMER2,21.46805006,17.79457626,25.16089884,64.31812775,29.0614611,19.9894923,48.38369588,27.44168747,34.40429202,19.31032536,24.75757087,29.6665338,17.15479822,124.1841415,23.26630529,124.6103591,26.33567178,26.77783978,57.09358049,52.81747353
HOXA2,11.83396793,19.18315905,15.16854978,18.43706507,28.72779023,11.65181663,11.26210143,27.09530313,22.93851836,12.39156613,12.25832945,17.59028122,14.93323957,16.18707143,11.0420293,16.87458469,13.52273386,20.83897175,7.918722087,118.6300152
HPSE,162.8782819,105.480848,47.03004653,34.50565663,22.8968644,27.07976294,27.94743126,20.86442665,17.77123731,39.59548889,34.14193689,42.47411084,52.39473363,33.54433197,21.43446204,27.30256746,21.04585024,193.2663048,18.5874001,24.43328557
HTRA1,50.69479819,15.5468329,24.02771968,25.37191014,20.27829483,19.66165458,33.82964192,13.65490899,15.3572693,18.95230835,31.94671958,183.7564992,42.29789196,38.70941658,14.54584203,23.0951585,17.39077722,30.27724518,36.34324738,36.10463889
ICOS,16.20388287,20.27816383,262.2459957,31.73077289,15.99561015,128.2692591,12.07733901,27.33815389,12.314254,200.370155,12.96463279,22.80801649,22.67749809,18.02020256,12.19663532,22.80630051,9.474305736,18.15031669,7.751507959,35.90758127
IFI27,19.86261331,22.34340097,32.86394603,19.69897357,25.8845167,27.04397517,33.89648691,9.527926109,12.26762473,14.40289532,63.40497636,27.62459101,605.4244532,34.21767179,17.93501526,46.98111794,14.69742768,24.18862404,75.93238733,139.4249364
IFNB1,14.59276916,10.04851259,13.42832706,11.36682803,9.566131349,12.92187053,17.04029953,8.624413332,15.14553949,8.501837661,11.88700805,12.8379278,11.83224953,8.995349304,9.678102198,17.57560839,11.16649586,14.50513232,11.98669372,133.0398183
IFT20,168.1503913,193.3775233,105.0194904,113.2627418,209.2932541,119.7015465,66.63732772,74.60387248,154.8224879,158.3613232,235.1959567,113.7476132,42.15932293,65.15817723,163.4379884,155.2250317,113.3178067,112.7835745,205.1645265,50.74777235
IGFBP2,17.96018167,17.07936688,18.53067689,16.06666268,34.74783979,22.09406833,296.7895899,16.94414589,27.14680466,11.29119298,22.87934663,31.93832774,22.05986196,27.93255058,11.41790889,16.90090082,11.38408361,16.96916315,11.82118308,25.65256912
IL15RA,56.76373,48.6689714,38.65306276,50.59454286,63.76228257,48.24120477,30.98863233,20.6764375,18.19843203,96.81256192,45.00770984,17.09131597,66.52633684,17.3179006,49.43536439,29.44802329,36.87123725,53.33224855,89.10243703,37.62669863
IL1R2,49.06090804,30.61653492,22.14873879,15.43959088,24.73359716,13.95811697,18.89059602,20.736333,19.56762434,15.53602874,15.38125632,46.77826977,31.41673028,54.54096711,12.1691811,143.5682947,11.36663054,361.4521089,15.77873455,21.9650926
IL1RAP,28.87757163,31.94723253,29.77486199,22.80236489,41.13519095,22.77637014,40.77040515,51.1553808,58.61753469,36.41552442,30.68070128,23.17690824,24.92817637,31.84066441,18.04471171,30.20674336,21.60369602,143.4462668,9.801005392,14.56226359
IL1RL1,19.2216275,17.25745513,16.82384224,22.13385391,13.49741195,15.93023392,135.7583878,149.9260712,64.24435907,19.39821802,19.89265419,19.00949198,14.35108427,14.03936083,15.89768192,20.53927289,17.43619951,39.47909068,20.14092889,24.59289689
IL2RA,23.9556593,17.28964161,83.57645383,43.37721895,18.80790962,40.0419995,29.11740576,69.60907947,23.85086966,185.0498263,18.40329294,33.28933939,68.76511819,21.08119067,60.59147788,34.66659306,25.92118143,32.02635047,18.65213898,38.84838093
IL32,21.18197243,13.72824769,371.0070797,230.2299172,86.14318989,547.3676325,46.31685037,48.63521916,20.63761086,571.6271506,22.35625004,16.39730803,69.33462644,21.18710074,22.63510014,28.58242493,16.33230535,26.27974432,16.18282661,25.94111326
IL4R,124.0596109,103.2191779,133.4605312,79.87643461,78.66209896,140.6215335,128.3239772,98.60215879,126.6168429,142.9658498,63.02814445,143.9788196,115.7422212,117.9965539,77.7473534,87.58654614,375.6406102,154.1953432,42.15754609,61.19877409
IL5RA,15.70334716,17.2331993,16.80990115,19.36587771,13.3050437,17.66818467,27.04318755,105.2094765,126.518973,13.19007054,15.36442332,22.9607749,23.85436924,22.96417592,19.11990495,24.66607514,16.71994519,55.23833671,38.14899304,23.24275044
IL6ST,37.18354987,15.95513395,66.95846414,27.41463583,60.36649813,48.10916813,53.21784938,12.63123813,25.44583936,35.01580969,29.46055955,28.89491177,36.23752486,34.35554182,35.43195123,30.16086536,48.38122351,32.29275522,129.4247168,30.56053702
ING2,39.82278444,88.8725753,53.46608463,44.22625154,64.75935164,60.28268741,43.94122677,116.4548343,64.95780462,37.03968436,60.93922395,63.48123773,108.432819,121.0128683,41.27163811,83.5291621,33.26759008,58.74540308,27.45618087,27.28006349
IRS1,16.84385512,8.009778169,22.06229989,19.37208709,13.25058009,23.27846122,14.64994094,11.98574926,20.50320056,25.00742217,12.57743886,12.83716337,13.36741423,12.07604789,28.20365657,14.83842341,34.69869111,18.6209625,29.18944794,20.14547952
JRKL,33.0780762,18.70791123,36.41475259,38.09596269,28.07468355,31.08567243,46.19104326,28.03714456,38.95193531,40.86876529,43.90835991,24.92407156,29.09142734,28.10768248,33.23124942,20.17972389,26.27941299,36.35972733,18.76812041,68.18896719
KCNJ15,43.18707005,22.10572695,19.06435212,26.17620132,21.86351274,16.51906583,28.88496075,18.53458068,23.50088445,14.10958098,14.9871849,27.54238929,19.47119068,13.97051841,18.44670182,19.83226799,17.60642181,218.9717585,24.1764714,28.81826285
KIF1A,13.62215756,16.45377815,18.94226323,19.76129686,22.69147436,19.10054627,11.63765962,13.6910109,20.34535378,14.31371225,14.44797409,18.47831413,10.5968841,9.506352413,17.7693384,16.76493807,23.67217201,21.83971716,14.5885816,110.8859967
KIF22,35.92394798,80.97597283,83.77423308,42.83782646,64.60176368,87.88455585,42.29223308,176.8919907,35.00125493,76.85563901,55.07010735,32.71381038,22.12256799,20.20835723,57.80792073,76.32341958,50.83765296,41.66658182,32.19235057,23.38458331
KIR3DL1,23.07241398,25.48779327,24.63514698,227.9787831,119.6876306,33.20305617,23.69433566,21.72619702,15.28588845,81.1562988,14.3774254,26.28956108,16.54937759,14.90710171,16.68034794,17.34562013,20.49959873,39.65025835,21.3772964,30.89478598
KLHL18,55.75527881,110.7941512,44.97760504,43.1762552,67.68081264,44.49563429,33.09523536,79.69692199,45.56004767,45.28492107,46.31765497,80.86652554,52.58320675,51.64740862,63.69362464,43.96144321,57.26209285,66.9491149,52.05471035,30.83236656
KLRC3,10.52350246,10.13598699,12.75451241,241.222422,143.9193874,82.90798645,9.883228438,10.23787559,11.56551493,86.49223117,6.057087905,10.1272217,10.86197732,9.579868838,12.40222519,13.72708566,10.84892361,16.18971962,7.988660568,16.48879599
KLRD1,22.25432552,24.50077715,28.6562603,331.256296,270.5291636,158.3502436,17.2605852,15.51958438,18.74248424,215.3280638,14.03746113,16.18927074,17.7808285,14.69422759,21.63709305,17.0992853,18.63445684,42.45389071,23.8413466,13.78780708
KLRF1,22.90095484,36.99651794,25.0391711,565.6932824,673.7489574,88.75665882,9.697762888,42.71117648,17.15327209,41.08193456,16.84878819,18.88138071,21.00578904,25.999136,16.98512544,21.95167092,15.17427017,42.63188841,11.1376922,26.33144491
KRT19,10.1300099,10.50826341,11.99865607,9.579039354,16.27772197,11.57226859,171.0219251,14.38565276,12.11458046,5.968737162,11.46096861,11.42439273,9.873238505,9.542035308,9.792627233,16.77469572,9.490013335,13.95831358,6.556856227,42.93156404
KRT5,19.10683004,16.58760808,17.73161545,15.27227027,20.59448006,13.92685989,23.69448454,8.19732949,23.41757014,13.81711122,16.72595521,19.2985384,10.37859695,10.10112379,16.17776375,14.40753368,20.01456372,23.15904078,32.33928184,76.12941088
KSR1,29.75429435,51.04670086,31.05951173,33.52625867,39.83386739,32.20444509,23.31238384,34.10096158,210.0808156,25.30869136,30.47480504,28.10912836,23.54430514,18.86685554,26.6530874,21.90445375,19.53475219,36.79593621,23.54541166,28.58934721
LAIR1,134.2345606,221.7075953,82.81974575,117.4395769,66.85153946,78.87399164,88.56244796,540.341422,69.79964586,57.66522959,124.7153559,112.3038394,413.762792,302.2802132,58.23111439,147.0294786,169.3916158,70.55892785,40.74207282,59.76154025
LAMP3,33.4583233,19.95134887,51.06559862,29.08803723,14.42469167,33.7397647,19.81501919,45.44705805,50.52524185,36.36111272,13.94363858,60.25366116,133.2219922,47.03768023,12.53568786,363.5602237,14.4047974,59.87608787,127.0412851,39.00601777
LGALS13,14.80677312,19.49602419,15.30101896,22.89825595,8.74291442,14.38561439,13.12365103,15.06714542,15.26656168,16.48930478,15.55478495,26.44983309,21.46551017,23.4300031,15.32526543,12.38732169,17.06609469,22.33297878,19.49360263,21.50683664
LILRA3,257.4257181,269.1539238,32.34396029,33.17727739,19.42275678,20.4219805,23.13061014,22.81673942,14.90312888,8.733084479,34.4430089,43.31079112,425.9391278,135.6432383,15.33975432,95.11094294,19.25196215,123.928456,15.77392953,11.15093087
LILRA4,29.12650213,31.43404042,23.61492201,29.40359451,30.57530433,26.71006619,22.82270958,30.68144494,40.11492638,10.9294152,35.14835835,32.68186906,33.75372099,41.41437124,59.58338099,26.82069011,58.68698021,38.70564453,20.65014268,218.8467606
LILRA5,70.35298796,171.9406187,31.72404275,26.33976743,18.32246116,15.02406596,13.2871532,18.65332587,9.879938865,13.63883291,13.97585664,29.96370145,111.6976491,44.1010288,15.52814799,43.3605239,18.07715546,91.43950692,16.96804725,23.50874323
LILRB1,261.5720198,338.2947964,39.5345332,66.91515295,50.64602144,39.54458751,20.93479918,268.3114589,17.96633992,21.1716452,35.47872475,69.61743099,283.3628638,206.3783712,86.45010813,136.5097128,88.78953524,104.6336779,65.41136813,75.19771923
LIMA1,24.435072,19.21445543,74.8671303,43.14039998,28.67787028,49.82570946,182.8321268,21.51797601,16.6411566,47.07888535,44.2908919,51.62862375,74.20821567,149.4224441,39.25852962,44.41842014,34.75600124,18.80383907,46.95739561,16.9211814
LIMK2,46.69608162,31.98883409,42.22148783,48.33144594,29.6993842,39.10210529,43.44850837,43.39478409,57.21273922,48.82838678,43.22101708,35.46489886,54.28485497,21.66048607,44.94089664,26.46734305,56.85167375,185.6402223,23.45970765,39.82489641
LIPF,14.5412582,17.67923065,13.65587898,21.29408348,8.581607583,15.13010258,10.21312578,28.75278777,10.30886493,14.32134886,9.104581713,14.97861563,23.40284359,20.99030881,13.32646977,18.42608937,15.3742955,25.21611401,13.15559035,62.78170425
LRP5L,47.97887205,105.1239058,52.92407491,61.45769588,44.79549495,43.3981602,29.44324629,922.1525263,38.24706511,37.85264232,75.8797359,112.5433685,61.17091138,74.41954437,25.36349144,82.07849204,30.96499888,54.72770791,15.2593635,55.61124187
LRRC8D,203.6275923,201.1363607,142.8370216,101.4114073,116.4554216,142.7724325,66.60572523,35.00255252,71.82602034,159.8990858,326.2287774,191.339718,81.10557565,89.42766523,134.2945506,92.279135,138.7081087,94.54367216,129.7432278,66.61185037
LSM4,74.42962165,195.5655033,121.0106074,88.91104634,105.0400739,135.425977,51.96354523,143.8925285,55.3230303,85.94577046,85.24263787,126.1834738,192.3552094,205.8875007,105.7842737,164.2053758,88.98427596,37.43949911,48.31695953,144.0889733
MAG,17.71604481,28.77225835,19.38010952,21.73221796,16.06287523,15.4544302,17.87793836,23.51996634,19.9122098,11.22902773,15.04759788,23.20073095,14.51548854,14.01775537,20.05885038,17.04042775,18.9625577,22.26121409,11.08992238,78.97936297
MAL,21.98082047,17.00570414,320.7125872,24.36833996,16.50613621,182.8970995,52.73383405,20.10364177,16.4261505,127.5461842,29.51297219,13.06530448,16.02339661,24.78065881,22.58958379,20.98161073,27.7108582,34.51274065,52.96145023,16.45491145
MAOA,17.52776354,10.63779871,16.04345723,14.3507425,11.88497491,13.02623284,77.06786909,33.62980642,17.11250932,15.41620975,19.25343603,46.11507688,70.41159348,476.2210648,12.76710804,38.94562062,10.39920444,18.26845227,10.48443987,32.32593505
MAPK7,55.67954035,85.04005347,38.53064349,35.1941459,34.37849275,39.04135242,34.28009066,45.21140506,23.58362495,33.15533037,26.7016645,32.36656071,51.41328475,48.98339061,32.97070321,38.13253013,33.73194444,33.50113961,30.27120522,29.13360714
MAT2B,148.0282412,132.7647893,169.0684473,206.9148487,189.5613969,252.7013478,200.8882764,181.400137,1094.070575,170.0011353,115.8080766,72.79261085,130.12854,175.1308714,610.1014731,160.8586725,693.2130969,153.0522144,436.9611497,61.92864393
MEST,26.54739742,18.46474705,22.26591892,20.06025446,16.24709819,27.56139987,17.62394246,12.13421791,24.63007109,19.7937989,441.4729702,24.10130898,11.40305634,11.18871636,24.24340261,17.80902244,26.6982874,28.19834367,39.54548078,31.70104978
MME,20.19588019,15.71942248,16.01947423,13.86791051,10.22148513,13.22752296,20.89235161,12.49942403,29.78551001,8.946019659,35.45528563,22.83864548,16.57501337,15.95707779,16.66138203,14.45733263,17.16725553,238.5493595,20.94702867,32.55579192
MMP25,54.89841597,33.71449772,35.65355189,38.6301524,26.50723309,37.01412604,29.03750868,275.0489511,63.35344234,42.22658987,29.56759593,27.61657763,49.68139491,41.16214341,24.15992273,53.92559473,27.8877984,167.1530174,47.02640269,29.05599824
MMP8,15.0378252,10.17883031,13.563454,16.58922465,9.318402917,11.40491931,24.05947869,9.997669084,23.82022965,14.00398044,17.53616654,44.57211365,7.394263625,6.9489409,14.46538126,11.97297986,17.19890567,41.06900956,35.79004511,22.45249273
MMP9,71.0484368,19.12128466,31.30604498,41.19276221,30.56561174,24.32904544,43.25798,14.53404279,29.45171381,46.07895665,40.63705049,1082.375474,3825.404778,2402.56263,22.46057904,213.215089,22.02023517,479.8010018,80.78303562,40.17353538
MOCS3,30.82444571,16.58146993,33.99311035,25.99305691,19.85762938,24.96936943,41.48321261,18.86986451,14.9272107,37.88751234,23.78311388,38.80311392,25.06908124,27.34085698,24.29961888,18.78963134,28.76160581,32.0788357,40.20538047,24.59145929
MPO,43.19840418,34.88054683,23.44734784,29.21356224,16.0464285,16.63514223,27.95800551,72.8887001,30.97860537,15.11331861,879.9229547,45.47923511,45.85592213,42.88035944,13.2390239,21.32780885,14.56696088,41.15901761,23.47897724,21.2116384
MPPED2,10.30500564,12.25702932,15.06922112,20.84170748,13.9726976,11.91963402,17.57081449,9.555447093,16.9797265,11.34646813,27.69568897,15.59469458,6.657759807,6.76934525,10.99389663,14.54735507,14.50192069,16.87620771,11.16468983,25.84564791
MRPL3,148.0956752,236.4708622,204.3076218,145.3158348,148.6067668,207.7236983,309.6076602,63.40515692,74.05751669,903.2884687,816.3408028,100.9687625,111.3596921,165.7341037,342.3912238,170.2310267,255.0718646,45.63488421,446.7543265,79.45644689
MRPL4,39.61261576,41.80435395,53.74594948,34.67654211,38.09769081,60.7536004,90.72433609,20.69952734,11.30900652,87.90129779,50.05572788,45.00609344,43.65714286,45.23623547,53.5109069,33.41114529,48.4910992,17.32654541,92.44023356,31.30623124
MS4A1,23.62489814,16.37315155,25.6870312,23.59910361,17.08430493,29.09362967,15.78122076,24.88581409,57.17416166,19.75434869,19.03951039,18.17733678,12.43539706,13.62637605,1425.959673,19.24083775,1518.542733,31.43809225,78.46352468,14.10892116
MS4A6A,446.0485563,285.9098531,62.51195241,39.22914965,22.32233981,19.8563612,36.47317139,216.2270205,38.89571358,13.14259401,84.64109865,110.8129237,84.45353431,675.7509151,22.16608874,161.1051483,23.84058066,86.60456504,32.11738057,43.90863889
MT1X,149.8094743,185.1021295,132.5304834,68.89061706,103.874123,162.4430448,201.1852501,60.41167015,67.63864087,221.9997429,119.8736835,199.5262067,624.8495023,146.6020722,72.14046687,79.43837524,43.61808169,86.1766727,69.07253667,37.56604838
MTMR11,179.5649807,194.8768012,37.92172956,27.48901295,35.27654309,23.23172493,25.9858217,35.99507612,16.34258069,16.63405763,23.38404,47.21855588,45.06123837,33.35605093,18.38267966,52.58473313,20.35202598,32.29785212,39.63200396,28.67917268
MTSS1,67.89571607,199.6556971,45.31013535,134.1263521,122.4464251,41.45677758,73.79177449,47.41990273,31.83396259,27.85776047,35.82488796,51.22460454,53.5153049,86.25177392,110.1000479,104.3038787,136.8338526,30.1073677,25.86201782,45.05161721
MUC1,24.30944778,20.35956079,31.92419418,16.51917612,25.78892901,29.01863265,33.5833771,29.69477858,24.00227852,31.13808126,43.88365422,27.32527963,61.02910562,27.57268355,25.36014392,38.70461044,21.15940953,31.79798346,31.15045789,168.4478729
MYLIP,97.70121741,307.9021861,150.0150301,131.5082242,225.3320848,131.2137904,45.35543024,684.6693635,123.0912131,84.54222967,126.1833165,49.44986925,105.4791333,111.7434398,118.916417,196.0252619,131.3911025,266.9578082,40.0185743,37.04467753
NAGA,193.4523314,253.9119606,53.57259922,40.04588602,44.32925356,40.30828893,164.8621681,31.44666242,29.90405946,65.50689227,82.70444996,103.2735677,82.30194765,150.5933048,64.64153099,99.47618317,56.91808615,39.67814193,77.75844065,68.61492274
NBN,87.18340308,73.59558453,64.77969197,102.7631609,169.8097567,81.17406274,61.54908607,57.85617397,178.2442919,92.43644319,114.3973441,75.7572301,107.383916,69.55819286,105.0491688,79.74063481,71.55835333,169.7808264,50.55054852,28.48162307
NBR1,63.47841164,21.86992434,58.81069426,54.01534483,73.09144794,69.58273107,87.73088964,26.12003973,128.5778845,87.39335693,35.37472384,35.00807043,20.301084,32.99776817,66.6063616,27.35279153,61.07990054,71.62665701,129.4946349,28.17176755
NDRG2,26.94037659,27.40159218,39.61226074,31.90470195,29.6999487,26.81456841,37.5518117,27.17990304,28.73225801,19.00415429,23.71418416,41.41162015,48.46157906,52.43067174,26.73085506,97.85402246,29.1725599,32.03729203,32.15503253,37.38001855
NEFL,13.46444923,17.56371234,29.24769675,13.72333368,14.75623551,14.19207094,40.63866386,19.86067026,13.8183414,12.55535105,8.745381944,18.32673125,14.49480313,13.27825852,14.10050093,18.8451213,13.41266956,24.83212512,9.933653425,20.62659094
NGFRAP1,45.90343994,39.26563497,95.37075221,32.46341485,27.12350394,85.7695015,329.1389036,44.10285777,37.10318777,29.2525574,1322.700388,77.23543584,55.07321777,71.0260706,28.73775429,74.62237763,23.25826167,40.08861757,87.72498286,18.97948314
NME1,82.86861481,123.7898164,110.4531213,54.00266122,53.05675147,121.3829507,351.9189762,40.35959092,38.17391106,454.4322734,636.1541749,135.4819185,91.86655108,106.0579619,233.5281896,99.924562,176.1862467,43.1976046,509.0722503,285.7921777
NOTCH4,30.03392263,82.35065983,26.04926333,27.00917151,40.02536952,22.24507761,31.51670631,21.50201957,27.59095444,17.9584548,24.79795111,22.83736638,25.50793987,16.45733236,29.44693273,20.09832583,35.38610358,25.00426124,27.61047236,29.0777003
NOV,18.18954012,22.75398417,18.72601959,15.79635968,20.27226746,14.6829381,19.46977623,32.71164211,45.3278159,14.89624816,23.09389505,33.42813701,24.62132334,28.34607644,13.59326158,19.12263911,18.68579879,116.4208383,16.94994661,22.84985064
NPEPPS,81.25409804,70.58367738,80.70966512,61.61760305,241.1978712,81.31942699,54.3692389,129.1853598,140.2037988,106.9695321,82.53316622,31.24625266,59.87116737,74.87993051,77.23940015,102.6086012,70.26796034,113.2371582,42.28214746,33.22362169
NR2E3,16.86250434,14.62544322,18.57041274,17.40389773,27.86025597,15.03250604,11.68802416,9.62469982,24.8497204,12.49188321,13.42715788,24.62518793,10.35070628,10.20628873,18.80540383,14.58698816,20.03518548,19.89899243,12.09732459,20.16845545
NR4A2,44.37856755,237.0473623,97.48089096,87.9594746,937.6631016,170.0973233,49.64215973,179.5333547,103.1894067,121.0234048,147.6916231,19.62066538,49.37321622,34.24965368,60.67680721,112.9270036,48.23055105,179.0937793,69.09756653,12.65263509
NRG1,41.97409244,20.08432168,18.19652847,15.01071836,20.30695762,16.36535625,20.29660035,14.26631417,17.3261289,12.0925177,12.90127271,13.30854302,11.22497064,11.92937246,14.29776407,21.64954745,15.55800841,21.69112162,15.27618361,14.44231314
NRGN,183.1562184,129.2336011,41.33990717,29.18640595,34.19915545,29.90204555,61.24103689,27.20095809,19.74443402,22.55561068,47.94949847,32.36783867,24.0883387,47.57365438,20.87575488,27.73791628,23.02412522,72.85989994,33.35273335,62.37413468
NUDT1,55.35500161,129.6974599,78.87652511,52.2868293,73.51446503,86.94464827,57.0174401,62.90128839,12.66110659,78.90710216,279.6540922,181.8272433,40.58678191,64.72885211,78.8452126,125.8953968,69.0775237,21.41630814,23.26528484,312.4891873
NUDT18,54.24460724,119.0920061,56.65081803,48.60511,35.35678601,52.85544508,25.22853047,78.09180057,21.37622312,50.22002605,43.9173416,96.44229575,105.1662328,81.77349721,34.30207126,75.49766069,39.32100194,46.2659202,34.97146518,93.72564937
NXT1,93.77289101,225.2499083,164.1503968,98.9993326,156.1548961,224.0567431,79.75647628,155.1276135,89.82722144,220.9565384,243.7954668,50.34835974,187.9016481,191.3591698,97.11042173,217.3228601,116.4704663,105.740605,163.3383389,79.60057513
NXT2,64.94703883,110.4360863,58.75690524,66.08612451,90.64629384,59.64845766,220.7561155,53.75236102,29.75977866,79.54870969,79.10475704,35.52610128,94.35147694,85.26560457,70.97196189,93.79684895,47.13085851,55.637105,36.44381377,100.7763011
OLFM1,37.20237527,55.5957251,19.50176482,17.61282462,13.39205588,15.3121072,17.24737082,11.50268106,18.03449606,12.70192945,19.20638549,23.47824018,23.83663611,21.1287977,13.60352868,24.96536326,13.01591221,18.55587107,18.23940408,25.8238208
OR2F1,18.7656117,13.92144304,18.14242915,15.28803819,15.63838727,12.85605776,24.35262857,10.10019425,20.9229567,13.35120623,15.19851763,20.78210991,9.727019217,9.947481062,11.75854504,12.76177066,14.70546546,18.94028207,18.95969402,17.30337756
OR2J2,13.32759872,14.86394249,14.17546853,11.62689815,7.645069,9.688608305,14.47780873,12.4292015,7.961651798,9.119287361,9.134079698,23.93691937,8.206224718,8.262144095,10.83052045,13.68101859,12.48202156,15.81221445,10.81701846,31.45358737
ORM1,24.14276185,22.19614204,17.52609902,15.94540881,12.49927039,16.91123006,16.81012589,21.49014731,12.71525584,8.145658442,14.88787102,43.18347009,71.60749912,15.63406617,16.18297629,15.72267769,15.92259276,185.8752815,15.69659922,50.76156167
OSBPL10,16.34026917,11.22948289,19.38783891,18.60900888,20.49008645,18.37111616,16.26291861,11.48639431,22.97718188,19.38056682,23.42019456,20.36400213,16.20182115,23.09335702,104.8699386,16.47322303,105.278523,21.34756121,48.38286194,14.93852522
PALLD,52.11078669,43.40409736,25.14299248,60.39619946,34.00971986,22.00001842,59.61767951,660.4177086,10.13306968,17.98311753,22.75823824,90.71793262,64.22008231,322.8395319,25.64908807,127.0726754,25.6123872,20.77189965,14.17094478,55.39097873
PANX1,49.18379799,50.36965466,46.19916789,50.00250853,80.0505484,44.61534081,57.91975227,23.51653451,29.98267906,63.78553443,36.4783395,48.91950256,93.92697878,38.53615581,34.66678104,53.39759651,25.54239171,24.17130176,33.60799796,22.64545543
PAX5,23.44412571,15.45840118,18.67527116,20.57807518,21.44556405,22.34666715,23.5336748,9.27833823,35.31888936,20.0274864,38.73478535,22.05220768,12.4321526,10.26064263,169.2611704,16.97249207,212.0252857,24.08132606,43.32905652,40.0094805
PCGF2,24.94240962,42.00222808,27.85059059,23.907789,24.75964543,24.07973792,29.88309749,15.03170345,21.87178019,28.47440649,30.25808365,25.26857461,54.52115796,38.41658523,29.00033023,21.75402178,28.85880246,34.70816385,47.62778536,179.9496031
PDGFB,23.78580125,19.34862476,23.7937757,21.25407142,14.80261054,22.10112584,21.49769608,21.54749317,18.79803383,15.18291415,22.14019211,32.43057645,31.8521799,39.57795118,18.27973208,29.78351443,23.89904124,21.9189289,24.15883884,132.1503551
PDK4,68.80269998,123.6134415,22.07451304,20.58184344,15.18466476,14.73371552,15.14337441,19.41077844,125.2055514,10.27405397,22.5850627,26.7538026,32.03913265,41.87291518,14.58106362,32.80072283,21.1842502,36.61101496,14.62072152,23.45818026
PGLYRP1,26.52875101,21.39776609,21.15320561,20.27613905,17.98748159,18.57870452,20.66092822,30.70316897,53.20463715,8.959321575,23.01378118,45.07745201,16.97330489,17.56493873,14.74840073,16.8930252,16.89847601,169.4718449,22.09728054,21.54389933
PHEX,18.76270199,15.9330515,23.68828349,17.64635366,14.80531229,22.57833869,15.99427773,16.70863357,19.50160238,22.02460674,9.92504091,16.4550605,13.08565754,13.12320247,21.86549945,17.80845306,22.60471451,30.84258428,31.3345758,116.5278916
PI3,33.5527768,14.96900275,18.8127959,34.37545545,16.04271171,16.40221621,15.01960892,12.86817384,15.99317704,14.58419096,13.12819707,30.77306968,18.59026808,12.49185591,20.63204272,14.66668139,25.14356735,486.9529895,17.40704535,21.85155233
PIK3CG,42.0216535,143.0564556,58.97877543,102.4660155,146.0602813,50.71206659,31.68181283,184.5952155,66.9416155,65.66423761,34.45161099,36.37157682,85.42099389,81.71273906,68.21191522,88.26276714,73.09466473,121.6946636,25.78917122,53.97223125
PLAT,12.76716727,11.08317432,17.8518733,18.63013775,18.94461796,11.14766743,312.2982025,16.17231682,17.53934316,15.80489158,11.08147186,13.37695735,14.3895543,11.15707718,13.03553058,23.92163336,15.91152026,21.21183441,11.26631383,19.29740761
POU2AF1,18.19229778,9.69272773,41.10526208,23.04809206,22.35308831,26.71265193,12.96041945,17.65271669,80.29676955,20.44317757,23.85556406,25.8795455,13.44185424,16.7214804,579.4564008,14.44251622,793.3270891,22.95444767,1310.106229,22.61048894
PPA1,427.7470604,362.7888701,369.0317681,137.4205704,142.9054878,423.1915341,322.1897951,93.88382712,123.4163002,793.8150404,1293.448964,241.3422967,883.8645712,284.5844176,419.289092,890.9252615,277.6064137,69.69378202,802.6122967,88.07950632
PRKCDBP,28.742332,14.32247315,28.40170096,21.20868645,23.98678137,19.85858748,14.1273478,25.91365983,33.74527771,19.71296118,10.96387114,62.96382517,86.78218429,61.96776256,13.25320744,81.66744545,14.32704851,21.07436128,17.86275446,43.09487711
PROM1,12.4050491,11.00532787,17.04839034,20.42375543,13.18317826,13.77568838,16.3859681,50.30324612,39.67224775,16.29332891,482.3235481,20.76327924,8.904686647,12.97496505,12.13655489,14.40471409,10.99974881,25.80653389,12.70867275,22.29824295
PRR5,24.58993605,48.47880774,53.46178404,53.61295555,56.89975476,103.0902471,25.90992153,22.28709304,16.69814432,52.24102049,68.20687458,30.94439013,39.21815577,35.8926021,40.28044582,20.41652552,26.36985905,26.15900106,53.66891558,52.80824792
PSAT1,25.69185751,13.44209951,47.40817501,40.84733565,14.38952964,46.89314084,159.2756845,13.27270986,15.19005951,168.1741603,28.71463061,51.90489237,27.61712448,24.65170473,57.12170462,19.25409634,30.48060763,24.81061926,207.3784957,39.00566045
PTPN13,11.92741301,27.80487824,28.35163486,18.93554451,18.40420915,9.517158609,9.772316003,13.26801011,25.72464229,13.95728358,9.740782049,29.56970397,10.59644796,11.97720998,13.44507121,17.11620666,11.16301959,18.83161524,7.50366005,15.67946297
PTPRK,11.04197364,9.916378979,19.68798458,15.27371825,9.662547653,33.09116584,34.87729913,13.77015221,39.12435725,14.33174847,10.06262312,14.19534452,9.348226197,7.011989311,50.56437725,18.4687391,83.3268931,19.19531589,43.84426488,16.03423348
PTPRS,20.21085827,20.14172728,19.67726039,17.75584348,19.4100669,17.89881682,16.8589686,24.13040619,12.61532795,13.23973115,20.91890834,26.28942443,14.62403384,15.11661763,20.31651839,21.05177115,17.82709281,24.4306265,13.93502441,91.55954099
PTTG2,13.24100657,13.21179343,27.90648458,34.94482618,9.337961832,26.15085808,18.64063061,25.44243448,12.82290071,17.98514338,8.546223392,23.54152693,47.70592128,43.38671748,17.33305667,20.54781947,20.32234439,26.94273621,9.55103472,45.21404696
QPRT,26.07350879,56.57070479,28.50476833,28.99579625,28.56441514,26.64745261,93.17808369,29.60114877,17.24969996,29.60997978,82.68079796,41.05349201,47.82858953,262.2195692,20.06874114,43.40439873,16.62845877,30.65533091,100.2792326,71.91527891
RAB9A,202.1099626,230.4590459,115.5462833,164.4978571,193.0434135,168.4145525,94.81800353,231.1462732,142.7202766,213.0015105,213.2617836,210.0232278,334.0773054,314.4834704,117.6899621,759.2464686,112.6560829,136.1018168,198.7262441,159.4117157
RAMP1,27.56631678,20.23627547,30.16397238,60.14600509,48.18629307,29.83861422,29.20721,15.524146,22.90449525,43.1231342,42.53700947,33.58639292,22.13847068,192.5926091,22.0824959,149.7213396,20.7638077,35.90370903,44.59227288,124.1676548
RARRES2,17.36619803,24.32616325,18.25109405,13.93728094,26.54872603,14.93854033,9.304641076,18.60401972,20.66263073,11.14548953,19.95755335,22.8004139,17.23022641,14.77529764,21.00016901,23.10602964,19.15199898,36.1118421,13.3930145,265.7376514
RETN,89.1250216,76.80643688,30.15636884,23.91568441,24.12848528,23.79798307,22.38537105,24.07131459,15.55151179,18.60933256,30.80805707,25.83344078,15.70253271,13.80782354,17.07861424,24.32723479,15.52906917,41.7696246,22.40102666,31.96371749
RNASE1,22.78342966,20.36525666,20.19513756,16.3624904,19.81050121,14.83435711,18.63683172,16.39812,18.88088996,12.99346317,25.75848108,535.9002635,98.18999294,293.2965946,14.86287016,54.14938109,19.07772968,21.783092,19.09953841,48.52735534
RNASE4,71.0216947,28.6183543,24.32127794,16.63778553,17.12555643,14.12522889,12.08074218,22.21503062,8.283444473,19.94593058,20.17916031,34.55304377,40.49425713,42.01000477,34.98040623,38.03240114,15.30665176,19.33838641,39.58695187,22.32229364
RNF122,54.71556386,121.3380482,38.80654871,39.72706585,39.72723432,37.63997544,35.36693635,52.94285885,62.40676909,35.78510974,38.82806479,60.20054263,33.33754806,31.9262277,33.31944712,41.32786713,48.46965891,92.69415809,148.0699682,32.21021005
RPL7,164.1361825,248.2016049,393.3765809,96.48985148,852.5950874,420.3726686,126.8657874,298.8231918,98.33919218,118.7687505,330.1201538,63.05588815,121.9572102,185.192881,504.5586973,388.134499,1033.574633,87.50627636,217.995344,79.76058618
RRAS,108.6019515,388.5406403,73.41138729,41.63677616,43.2836451,38.42751712,37.19503144,44.86925503,12.84206082,31.23514311,34.671722,129.8714139,271.2748252,203.6275942,21.46215476,99.03144573,27.64082708,21.89782529,43.16693504,102.0122779
S100A12,655.9390706,103.5363811,46.03084801,71.47967761,29.62623346,27.25970063,20.56001744,19.98157608,43.82159575,14.75430043,58.42535615,20.0165161,31.09564885,13.01220354,14.82133631,39.9950359,14.04455284,617.9793152,123.8185103,11.83432212
S100B,9.601537557,10.45242634,11.9424836,34.35659843,18.79017869,22.32865451,11.87389916,9.762508622,10.50355428,9.271948943,8.389109121,20.23880087,10.35864253,11.89971653,10.04302728,29.67431074,9.971537007,11.65674329,10.10568108,15.51415331
S100P,117.6682209,91.22763488,34.51133428,28.55151545,25.23122407,28.0683052,43.58655064,702.5883218,1026.492039,25.05194594,46.27061954,30.92007051,27.52959187,20.79830149,17.96181247,16.1208751,15.49439491,741.1481276,35.42363289,16.09520425
SCRN1,85.13756859,225.9672477,33.9151586,67.68914445,141.0246584,43.23882517,33.31417754,99.02090425,84.31811583,30.40107914,196.3909825,30.8746285,73.29363702,90.38533447,230.9243204,134.783702,126.5826759,42.81546148,168.317944,114.8149179
SDC1,20.62648574,24.60396927,24.60514239,16.40288943,23.52050294,19.21975703,19.10655488,28.0420809,16.31651468,15.83297508,21.86168772,37.53327009,25.55445913,31.127249,24.55698924,31.55905337,24.79887536,26.78966508,996.5638323,47.38932123
SEC63,52.20434746,64.64920698,77.73097269,53.77087671,227.4743361,78.17603793,61.14275729,65.95037539,80.92044487,70.50209807,78.21718559,40.25424723,39.46644409,44.34027112,95.0505003,65.93820057,101.0408738,55.63381994,149.4175287,63.67380627
SERPINF2,22.717928,18.71683726,20.76616794,23.07100574,15.75362721,17.82347812,24.25168476,15.27016209,8.418959037,16.92337491,20.48424203,26.42707497,22.96898361,27.10046304,19.5227153,37.78375838,25.16540725,21.02777312,29.91532246,178.7805912
SETBP1,25.12551429,79.18072748,28.08892499,86.3251283,140.0161993,36.94103439,11.29997341,32.28710002,31.01293257,67.90329807,45.55513197,21.24400537,17.20597783,20.8123127,157.6850312,27.93847032,149.4771373,26.22690449,77.95595932,62.1369964
SF3A3,109.4477111,273.0136464,191.0306861,106.4306596,188.1798452,191.0686657,76.56541215,263.91632,70.53653489,165.7063708,220.0323518,115.0015053,146.5464829,184.9975743,95.60065853,221.12181,96.65835861,90.56251197,54.31549281,77.45222366
SFTPD,26.13515207,111.0084149,19.8149713,15.6863971,27.51034975,13.73656666,16.93120236,15.24977373,10.32077039,9.69617852,13.40810572,21.63785091,11.76085403,17.67920709,10.95413588,32.91346824,12.11587979,21.00697561,9.981406747,25.89405827
SFXN3,79.38692925,104.4240825,62.79976,65.45767325,146.8795385,70.13717378,140.562714,52.21506655,77.07277448,67.00425913,59.28246158,163.6813683,49.67508072,52.54945777,32.31937286,60.78431495,22.73172352,59.41154885,26.16782193,53.82566177
SH3BP2,61.60903233,78.31425495,42.02231674,73.51030774,77.29127281,46.30160147,25.02761861,24.31878561,64.2292617,37.37467214,25.43850357,34.94195231,29.56256603,28.18426908,44.21399353,36.8881831,78.16843296,89.69965897,26.65636336,28.25098807
SIDT1,23.93276043,30.60171078,80.33372021,65.24252936,141.0752992,87.95419742,17.86586064,50.33296301,34.09960061,120.1096966,54.58116778,40.83841306,14.04863542,13.89062684,167.5136467,27.39794137,252.9932429,37.5601137,66.13331421,56.19183935
SIGLEC6,22.01117651,30.17146993,27.61972835,28.08615245,28.75293007,21.34147429,149.1954657,39.9843241,27.31516211,21.01843001,14.95776794,34.51673153,17.20765678,20.74255624,65.9137514,22.48688783,31.38116573,33.3182282,18.94621693,77.82897254
SLC12A3,21.13235793,26.68072967,19.16114417,14.65392851,16.30817715,17.72120515,19.6686118,13.58494953,15.88387902,13.10768268,20.47778277,24.52304192,11.62131228,11.10072089,22.50197068,17.95753916,18.57336278,24.89258946,22.91767962,64.93547822
SLC15A3,258.0951101,457.1806371,45.33917472,29.0927985,40.41397955,24.4990451,28.37516421,31.65117833,17.18803762,10.07325113,54.45014237,550.0792844,1508.414675,1224.507916,68.71479309,371.4928175,86.77486694,331.8926128,50.34093343,47.54733366
SLC17A5,52.41159961,55.07440991,53.27645106,33.76025522,44.43196429,40.91283072,62.59054172,18.66699069,28.40714177,53.97866768,58.73791045,204.9202752,23.01127293,37.03866607,44.36986911,36.06450385,42.4173104,70.25304705,105.096643,30.65665919
SLC1A4,40.32569773,74.90067158,37.77641149,48.35570754,55.31910111,40.88737035,61.84667402,88.17576233,31.88443757,134.1914708,75.41653039,84.87987704,117.3956521,53.08853683,80.55255659,62.48319618,68.94065372,34.5222468,392.219417,100.4738569
SLC38A1,28.94731445,24.70920625,310.1665763,139.4567178,377.6814612,424.8822757,40.40203338,67.82363086,224.9806249,264.4554388,153.1676682,24.95566815,21.82657743,21.15317647,298.4439711,104.8000415,488.0248689,62.96139994,306.8821288,71.19978035
SLC4A1AP,72.04207187,54.33381457,77.11608869,66.83547484,250.1006308,92.181389,48.25521981,91.59722285,57.71279037,105.2142122,71.12117244,69.75160247,73.52901396,71.10155677,84.07982632,66.33744133,83.46892136,72.0946286,64.39329416,27.3635157
SLC6A13,28.77147671,22.9546016,25.76961056,36.72781145,20.98048738,26.84066539,33.84390423,35.26491365,26.5296149,25.03798517,15.49410112,29.19264529,41.5794298,36.11468841,24.56967211,19.43795951,20.43557106,33.08536183,75.4196905,123.9946539
SLC7A7,1028.398024,1426.352821,71.83399353,55.35578722,59.04458899,30.82272146,47.5934651,33.28578265,39.20794451,21.64762569,97.77639273,209.8148735,1257.300977,647.2501265,135.1840478,161.7636614,169.2379734,181.1256905,275.0393351,16.82074145
SLC9A3R1,156.9022663,398.1280846,267.3826495,248.7955009,225.6541487,345.9535607,87.58446838,652.3208141,249.9117764,366.1769561,149.0533338,55.52518649,115.4442625,97.94434693,90.71579525,100.564206,83.40758499,240.0971138,196.4708115,20.25712935
SLCO2B1,22.33152831,24.06692566,17.74458853,17.75770185,13.85957825,14.83308881,66.41143104,18.11556493,17.58736698,16.0216243,28.0210232,357.9874636,144.3793028,353.0585678,14.80060061,39.63364045,13.72861198,24.28052761,25.39271507,31.15884859
SMARCD3,75.88483791,51.76341548,34.85050651,22.9671045,30.65510083,30.18821879,36.32844285,21.40466007,13.84586795,17.44480141,32.23351203,19.71619006,38.19507047,36.75771791,19.66572008,23.89704804,18.0179342,33.63024944,19.4542021,29.06320708
SOCS2,20.3634828,16.48904758,64.01038969,55.13392378,66.63586309,41.69195392,71.35249174,1285.060803,54.29909603,114.5561208,119.3934799,27.15809645,51.89447017,30.66296175,25.22670744,46.50550782,19.53820151,40.24582493,38.50433528,17.14811583
SPAG4,15.26493638,12.15739033,20.48666382,19.83457906,19.15843805,19.66929555,39.70781115,28.45162391,14.24973469,27.39845078,19.14333467,24.24990077,21.61516788,18.60677815,11.47859838,17.24085919,11.32572542,28.81217412,371.1807181,35.86771048
STAB2,18.54074989,22.52860939,19.76825935,13.71361601,12.84953871,14.39231432,18.5867732,14.86971552,17.79125416,11.60347219,19.26575369,26.62120556,9.210146887,7.147535614,15.571111,16.84271987,18.30632885,17.77187838,29.25120147,28.82701388
STEAP4,36.08464011,16.20142401,14.14938737,13.53627795,11.64729396,10.47547468,15.95645585,20.37249483,13.2621408,10.16470144,9.008593655,15.49536105,12.78131722,13.02981205,10.5765404,17.82686339,9.119141213,197.0155245,5.982149635,15.17291997
SYNE1,17.81834697,13.06274478,23.5586851,39.49714884,163.1145958,40.11504631,17.4266933,16.34278474,192.2720732,21.12865864,14.25676321,18.08501148,15.6416583,19.55822944,40.6319927,19.4517262,69.68297964,27.90377716,21.16610358,17.01751459
TAGLN,48.99305197,122.8996579,28.87251715,30.25344916,29.54196098,22.63423102,23.93099376,51.77785704,29.13997087,26.53080029,27.38973668,23.94711213,47.4739683,43.97621193,37.70992937,38.59437912,48.64693621,36.82738238,25.70323704,28.32661106
TBC1D8,73.24456967,184.5374778,32.1559919,28.48446048,40.43529137,22.74865063,41.93875143,38.65269808,34.0793691,22.83924449,29.30490737,47.22490517,89.97544048,75.58508799,26.30226433,122.2180099,27.25407856,41.41484482,22.52971963,31.02895417
TCL1A,27.08883589,20.95840734,30.97811047,22.5362612,15.08949856,26.96561613,18.97489925,16.79054365,34.23857187,22.28994956,51.30437947,26.76142603,14.62698365,13.34296302,67.19269731,18.18706028,793.8900315,35.25030004,58.3929452,257.2627461
TFEC,85.96938494,24.0011959,15.63079984,22.69556948,13.3963332,13.69592199,14.94053634,15.1007722,16.88009107,17.10101483,53.59001135,54.29770312,44.37445657,53.03923273,34.27391711,49.78004418,15.14647828,29.90247021,13.19970005,54.63374413
TGM3,20.78456768,20.90621959,18.1101542,17.6013214,16.16513523,19.16833433,19.60227373,31.52757041,18.45937232,20.61682635,13.56061022,27.69601381,18.64341549,15.84948908,16.30063354,24.39119979,18.67200244,155.5047555,26.35515017,37.607696
TLL1,8.570943646,13.93196273,11.44631224,11.96126022,12.20677876,9.165693467,8.211164121,14.31112465,14.59818183,11.29938822,5.551838292,12.45295201,7.33620354,7.513473094,9.853894485,13.33837563,9.806158861,19.52987237,8.011406034,95.11036613
TLR5,131.5470643,130.5966791,40.44773288,29.17292635,23.75718605,23.71397596,21.43373872,16.36655878,24.18734649,21.28508766,22.254458,89.1178512,42.20772028,96.71957721,17.4607716,39.30633621,19.84317429,95.83301736,22.17960179,19.80917782
TLR8,213.8319909,197.1090526,25.79374896,31.48149777,24.18852316,12.25340312,12.39062873,16.06999782,14.26815465,12.1038411,19.19850427,69.95458141,160.3547892,88.42653754,10.19707074,82.84229597,9.326644171,292.4206308,10.64546478,22.79954036
TM4SF5,16.79563909,13.75433829,17.05315871,10.95124472,14.89283198,17.36524199,21.41556376,8.325164759,11.55338412,13.47750978,15.18266013,18.94142667,7.056286677,7.145807287,13.51446334,16.98661602,13.14428075,19.07099699,48.57676424,22.37972203
TMC6,76.38328978,219.0220999,151.5296969,145.3284358,75.47694769,143.6807561,67.44198208,119.9789094,68.32025467,80.44863084,54.38144684,115.2101893,141.064862,189.3974561,112.4773439,105.8935472,156.0082141,69.3111774,69.49461658,80.23014412
TMEM9B,262.3187706,521.7194662,173.9289963,166.9378872,362.0249888,182.808903,165.6579102,397.3707829,319.5457695,211.2558294,153.4639673,378.3296862,338.7091206,403.590934,228.5730278,343.4770663,293.1013468,131.5888342,237.8066605,81.12536719
TMF1,61.09001584,47.03119543,80.81724307,67.25367823,268.2541723,78.48457076,42.78416871,81.46069321,65.8901759,83.92135096,83.07641938,45.29441897,45.74835077,45.81718493,60.70641159,60.81043523,70.62512117,89.35249607,48.96569667,44.23138143
TNFRSF10C,33.96841504,32.96000977,21.22750855,22.24537473,13.24339375,18.58356558,27.0545521,37.38596198,52.48941974,11.92483251,21.04968923,22.55646373,29.83333772,28.72174597,20.5374743,23.67207938,20.97788111,134.5211505,12.03169188,33.320605
TNFRSF13B,33.1073582,23.64943658,29.12585726,31.21117013,40.93534615,25.75276089,21.17189535,10.10382964,21.09229493,29.89024112,37.18065122,30.73016212,16.40633848,15.62748624,338.8951923,20.34730111,124.1332068,34.02311437,179.71401,28.44422168
TNFRSF25,28.86461675,33.15677888,216.5732474,47.50816226,52.95148519,131.3810495,17.91899299,13.18837155,10.26021027,66.39175714,37.76377855,20.8027441,13.75750014,18.5468139,17.45184712,26.44358876,18.99531444,29.25071009,19.72347114,31.99293741
TNNI2,32.20272251,89.57081015,19.37239669,15.38513929,19.93904793,14.14728385,15.47023287,49.54944325,17.23950271,8.243401213,30.35455748,75.7729955,36.85140247,42.34020934,16.35942391,34.95289704,16.10205868,62.88621982,13.25769811,90.99810236
TOMM22,98.1826432,283.9785378,129.3696591,110.385209,92.05788275,112.3008105,97.00487477,89.98087837,18.94719861,116.932793,133.7102108,64.21761123,126.5062287,134.6982808,129.3724564,204.7090708,100.5764343,50.82261446,103.8872667,57.78787504
TOMM34,71.87253915,117.2705548,88.14993364,50.04665645,33.66527247,77.74591389,86.60401436,130.427354,39.187759,125.4198411,100.2688021,86.37416601,113.7891706,97.69335732,59.49011932,346.5091973,80.37944742,70.40679514,133.8835248,68.19360911
TRAF3IP2,35.08190246,15.7480948,48.63999243,30.00609388,37.04032287,35.13236487,27.02693573,62.79229066,32.18355277,25.54099168,32.52300984,31.09780012,53.07752318,29.14731349,60.21586092,45.14625342,76.05384135,39.10784407,22.86702342,25.92958983
TRAK1,71.06134142,128.5234178,53.64150407,54.64985465,80.69101124,51.15145855,37.64157304,77.64481624,45.83405635,47.2653148,72.65397887,79.81752854,95.15129216,93.65298403,109.6521488,102.7326588,154.9530298,61.09693878,71.5325586,39.43500324
TRAT1,12.37832006,13.75249983,233.6199017,29.13907223,16.38259988,167.2247739,7.908750057,85.34810987,21.43143996,204.1391241,8.327836675,22.33286345,13.84602152,10.40286198,10.17953204,17.8318769,7.602023554,34.05200825,13.58656643,45.77861968
TREM1,189.0386584,138.3063717,27.58564124,26.90458903,16.85737894,22.57252005,21.37280366,18.4334631,31.07732809,13.06756086,36.33988054,21.73190637,60.23979941,36.98342445,20.02153675,72.96773926,30.07968761,769.9501437,29.70996495,31.58410512
TREML2,30.88006696,38.21318721,27.61246847,26.3638513,17.29661252,24.34053288,26.48425911,52.63117211,61.24110215,25.73681068,30.54285433,22.51784469,24.99433713,30.28351989,33.6225686,22.12557961,59.04703951,164.5609373,31.45502752,33.77277867
TRIB1,121.4633862,206.8125087,72.85525466,27.74016998,36.19840256,30.53957141,90.72170036,147.0583983,587.5310685,36.75678699,35.72499819,80.26262642,351.0651421,440.9922672,35.5330923,249.7538197,25.6028137,145.0829252,1094.112287,127.1088028
TSPAN7,11.47876506,15.32942185,17.00232043,12.50292891,15.33759253,14.0554313,17.79282123,13.09456912,21.43389081,22.85324991,40.9304525,12.81227294,10.38981742,42.68684161,11.84703603,17.21521402,12.98130215,28.07989581,46.69080588,20.17850919
TUBB6,84.65287157,56.61536356,33.2058379,29.11667778,47.47981731,32.22643286,172.222695,25.16917039,24.11024796,32.49732551,170.8818426,103.7500098,174.3031046,203.2043102,81.36752152,175.1226668,49.54087061,24.6815938,50.83586526,125.3870007
TULP2,25.52575228,31.47639759,20.52169975,13.93094875,22.2281077,16.02488289,18.85007383,10.51106413,18.53022945,19.19337391,19.34145254,34.02278234,8.486431191,10.02263548,21.11840897,14.93838767,38.28948445,35.92575199,26.31328113,45.67116574
TYRO3,21.30159238,12.41023821,19.31901197,16.95136515,12.94919954,15.12849243,22.00657957,15.92271042,10.25236547,15.93234564,17.71197376,26.94188285,21.34568951,18.53798629,13.56441341,17.04277939,17.43511222,21.00157631,23.14349738,39.31633256
UBE2J1,133.782872,365.0697934,98.3984443,92.65841108,196.0476083,96.24618722,93.39070831,289.3464782,119.9071042,94.2327891,158.8062131,70.89353603,225.3800837,187.877026,316.4862678,162.9395582,168.2494472,142.908453,755.3961367,92.26639138
ULK2,34.84627454,105.2756956,33.90029611,42.80753566,63.01138908,32.03860804,24.06677488,42.14071071,25.35121085,22.74898084,27.0007541,21.97804903,43.44583173,37.42817424,18.54879318,42.92896549,16.38260907,27.07728719,16.12471587,30.0179614
WEE1,18.31553158,16.89834763,43.89036134,45.89693998,52.71422446,52.21437186,104.0608246,67.8902951,88.5031803,110.0918455,123.5622923,27.58447646,29.49391839,22.90596214,162.4926038,37.63175164,70.37535195,40.3949701,36.69297139,24.3067551
YTHDF3,137.7057602,178.3100204,107.5264164,93.15356455,448.8237632,105.5709979,92.36850931,138.9261545,152.13815,195.4109531,127.9294896,117.0376528,96.03712739,98.94362314,106.9180514,147.1427164,89.49164974,199.9340369,54.07076707,74.97710831
ZC3H12A,76.60623247,85.44128968,90.62268836,101.9730179,93.61699879,102.719446,53.09032178,146.3930148,27.35080322,110.1094516,32.25387745,93.09842153,324.6611915,132.9781257,72.18063163,103.5675781,92.87362225,215.8209127,135.9857058,48.27205284
ZDHHC13,25.58411871,26.45391053,47.27510732,44.3164249,49.29293366,53.74693459,47.18212596,47.26381674,130.8030863,48.47272911,31.56125915,29.58144691,44.32672922,37.37787488,46.43761206,54.65349611,48.13921695,44.75965293,32.56069638,36.07526389
ZNF180,42.68408653,29.38606808,37.49038396,28.4626332,48.37618697,26.0460025,42.5096755,13.89932646,38.80974986,54.28533277,41.74896977,44.66976239,11.15989935,10.36369041,23.67205929,21.24964712,21.9479547,36.94482119,15.48706342,15.10172004
ZNF189,67.02029489,32.68412391,48.39242603,49.64192421,44.14307868,41.59917211,67.81420799,64.52754548,48.31971202,103.4665381,145.8562104,52.92624409,51.87521317,47.87459943,52.43125502,65.04194247,50.61358264,71.16705874,49.14003472,38.54822451
ZNF34,37.69218873,86.51823718,35.83927608,42.73919984,35.5281306,34.69316866,26.27288294,86.37070099,12.85479507,36.12762412,34.85830678,57.51614782,42.12720188,48.46592788,21.93093196,46.60448229,23.09076621,33.73785521,25.29185512,20.96701087
ZNF552,29.82752348,25.61186836,38.8255434,38.52459177,44.52250561,46.39369821,29.42727687,37.8810231,181.4223655,27.55813086,25.55238368,25.04667861,21.13592378,18.71503755,52.57601071,26.76319711,54.90738864,31.51712506,29.03841683,35.40701421
ZNF593,54.50388246,155.7826461,77.24705502,37.56988808,51.39747211,77.26550469,69.75901958,58.61633969,10.9445332,83.12564992,75.54662663,63.23045157,113.0783292,95.59954288,57.62753824,98.78658516,45.72708393,24.82233408,127.3755952,64.58739245